id,question,golden,response,correctness,preservation,passed
refund,What is the refund policy?,Returns are allowed within 30 days of purchase with a receipt. Refunds go to the original payment method.,Based on doc1: The refund policy allows returns within 30 days of purchase with a receipt. Refunds are issued to the original payment method.,1.0,0.762,True
shipping,How long does standard shipping take?,Standard shipping takes 3-5 business days. Express is 1-2 days. Free shipping over $50.,Based on doc2: Shipping takes 3-5 business days for standard delivery. Express shipping delivers in 1-2 business days. Shipping is free over $50.,1.0,0.78,True
password,How do I reset my password?,Go to Settings > Account > Reset password. A reset link is emailed and expires in 24 hours.,"Based on doc3: To reset your password, go to Settings > Account > Reset password. A reset link is emailed and expires in 24 hours.",1.0,0.821,True
library,What are the library opening hours?,"Open 9am to 8pm Monday to Friday, 10am to 4pm Saturday. Closed Sunday.","Based on doc4: The library opening hours are 9am to 8pm Monday to Friday, and 10am to 4pm on Saturday. Closed on Sunday.",1.0,0.667,True
warranty,What does the warranty cover?,Warranty covers manufacturing defects for 12 months. It does not cover accidental or water damage.,Based on doc6: Warranty covers manufacturing defects for 12 months. It does not cover accidental damage or water damage.,1.0,0.882,True
support,How do I contact support?,Contact support@example.com or call 555-0100 between 9am and 5pm on weekdays.,Based on doc7: Contact support at support@example.com or call 555-0100 between 9am and 5pm on weekdays.,1.0,0.848,True
venv,How do I create a Python virtual environment?,Create one with python -m venv env and activate it before installing packages.,Based on doc8: Python virtual environments isolate dependencies. Create one with python -m venv env and activate it before installing packages.,1.0,0.765,True
rag,What is RAG in machine learning?,RAG combines retrieval with generation for grounded answers.,"Based on doc5: Machine learning models include regression, classification, and clustering. RAG combines retrieval with generation for grounded answers.",1.0,0.593,True
paraphrase-refund,How do I get my money back?,Returns are allowed within 30 days of purchase with a receipt. Refunds go to the original payment method.,Could you clarify your question? V2: evidence still weak (best=0); clarify.,0.0,0.0,False
paraphrase-password,"Forgotten credentials, locked out — need entry again",Go to Settings > Account > Reset password. A reset link is emailed and expires in 24 hours.,Could you clarify your question? V2: evidence still weak (best=0); clarify.,0.0,0.0,False
vague,Hi,Could you clarify your question? Please provide more details so I can help.,"Could you clarify your question? V2: vague query, need clarification.",1.0,0.435,True
compositional,What is your return window for defective headphones with water damage?,Returns are allowed within 30 days of purchase. Warranty covers manufacturing defects for 12 months but does not cover water damage.,Based on doc6: Warranty covers manufacturing defects for 12 months. It does not cover accidental damage or water damage.,0.333,0.6,False
